{
    "_timestamp": 1574081644.4058158,
    "_runtime": 17.377216339111328,
    "average_reward": -33.57720411626097,
    "_step": 34,
    "entropy_loss": 21.38271728515625,
    "clip_loss": 0.33185186982154846,
    "actor_loss": 21.714569091796875,
    "critic_loss": 2.0207407474517822
}
