{
    "_step": 41,
    "_timestamp": 1573911276.4362733,
    "_runtime": 16.489020824432373,
    "actor_loss": 2.167743444442749,
    "critic_loss": 22.935203552246094,
    "reward": -99.40568597755892
}
