{
    "_timestamp": 1574511108.1642008,
    "_step": 0,
    "_runtime": 8.075408458709717,
    "average_reward": -563.0349172099211
}
