{
    "_runtime": 6.947712659835815,
    "average_reward": -212.60001887864362,
    "_timestamp": 1573990322.072374,
    "_step": 0
}
