{
    "_runtime": 6.537474632263184,
    "_timestamp": 1574078939.0732903,
    "_step": 6,
    "average_reward": -340.1189562654678,
    "entropy_loss": 1.8670925903320312,
    "clip_loss": 12.273469924926758,
    "actor_loss": 14.140562057495117,
    "critic_loss": 583.4085693359375
}
