{
    "_runtime": 18.340535163879395,
    "_step": 139,
    "reward": -102.99758536051834,
    "_timestamp": 1573911099.1371458,
    "critic_loss": 1056.671875,
    "actor_loss": 6.299075603485107
}
