{
    "_runtime": 134.01579308509827,
    "_step": 597,
    "_timestamp": 1573912321.495426,
    "reward": -120.6338755234002,
    "critic_loss": 60.73694610595703,
    "actor_loss": NaN
}
