{
    "_timestamp": 1573893771.2601886,
    "_runtime": 9.933863401412964,
    "_step": 53,
    "reward": -116.2352267689413,
    "actor_loss": 16.912668228149414,
    "critic_loss": 1247.8438720703125
}
