{
    "average_reward": -472.126390668256,
    "_runtime": 4.4053192138671875,
    "_step": 0,
    "_timestamp": 1573978928.12979
}
