{
    "_timestamp": 1573894101.3718796,
    "critic_loss": 291.2768859863281,
    "actor_loss": 3.2955164909362793,
    "_runtime": 7.094683408737183,
    "_step": 18,
    "reward": -113.16905396407533
}
