{
    "_timestamp": 1573896256.8684533,
    "_runtime": 4.0282018184661865,
    "_step": 3,
    "reward": -92.98577158128283
}
