{
    "average_reward": -466.99543532802875,
    "_step": 0,
    "_runtime": 6.869256019592285,
    "_timestamp": 1574142256.2600236
}
