{
    "_runtime": 1146.0473928451538,
    "_step": 6375,
    "actor_loss": -1.320558786392212,
    "_timestamp": 1573892814.5673323,
    "critic_loss": 441.5971374511719,
    "reward": -114.76074938831728
}
