{"count":1,"self":686.844672,"total":1729.781957,"children":{"AgentResetIfDone":{"count":758721,"self":6.3763928,"total":6.3763929999999993,"children":null},"AgentSendState":{"count":758721,"self":9.3617432,"total":40.580133,"children":{"CollectObservations":{"count":1669195,"self":31.218390399999997,"total":31.21839,"children":null}}},"DecideAction":{"count":758721,"self":939.55962879999993,"total":947.07770899999991,"children":{"AgentInfo.ToProto":{"count":151745,"self":7.5181248,"total":7.5181249999999995,"children":null}}},"AcademyStep":{"count":758721,"self":0.9306319999999999,"total":0.9306319999999999,"children":null},"AgentAct":{"count":758721,"self":47.9701728,"total":47.970174,"children":null}}}