{
    "_step": 101,
    "actor_loss": 25.649662017822266,
    "_runtime": 35.24422883987427,
    "critic_loss": 5199.9765625,
    "_timestamp": 1573977531.0786216
}
