{
    "_runtime": 554.2864198684692,
    "_step": 611,
    "average_reward": -540.919068185805,
    "_timestamp": 1573990149.327851,
    "critic_loss": 524.222412109375,
    "actor_loss": -0.04133325070142746
}
