{
    "_runtime": 3.3788790702819824,
    "_timestamp": 1573894839.2893133,
    "reward": -100.67169423646914,
    "_step": 0
}
