{
    "_runtime": 21.39751100540161,
    "_step": 38,
    "critic_loss": 50.43095397949219,
    "actor_loss": 2.1717348098754883,
    "_timestamp": 1573920990.5376027
}
