{
    "reward": -109.52889723246297,
    "_runtime": 20.65725588798523,
    "_step": 62,
    "_timestamp": 1573893933.957032,
    "actor_loss": 1.8649128675460815,
    "critic_loss": 305.9772644042969
}
