{
    "_step": 216,
    "_timestamp": 1573911591.6652863,
    "reward": -102.68608381254103,
    "_runtime": 34.15449357032776,
    "actor_loss": 0.43123650550842285,
    "critic_loss": 151.11802673339844
}
