{
    "_timestamp": 1573969500.6723475,
    "_step": 365790,
    "actor_loss": 3.899667978286743,
    "critic_loss": 917.6168823242188,
    "_runtime": 46299.88011717796
}
