{
    "reward": -114.65395941416547,
    "_runtime": 18.279382705688477,
    "_timestamp": 1573911200.2025015,
    "_step": 101,
    "actor_loss": 20.662900924682617,
    "critic_loss": 3606.14306640625
}
