{
    "_timestamp": 1573921012.8501084,
    "critic_loss": 5135.794921875,
    "_step": 14,
    "actor_loss": 26.071868896484375,
    "_runtime": 15.764806270599365
}
