{
    "_runtime": 5714.509784221649,
    "_step": 11696,
    "average_reward": -579.5835097277451,
    "_timestamp": 1574513157.5182889,
    "clip_loss": 0.09764054417610168,
    "entropy_loss": -9.724813280627131e-08,
    "critic_loss": 1.998770833015442,
    "actor_loss": 0.09764044731855392
}
