{
    "_runtime": 8088.261439800262,
    "_step": 14475,
    "average_reward": -744.6870765195964,
    "_timestamp": 1574515531.2699444,
    "clip_loss": 0.17181751132011414,
    "entropy_loss": 0.00027211053371429443,
    "critic_loss": 3.1563515663146973,
    "actor_loss": 0.172089621424675
}
