{
    "_runtime": 2330.4800565242767,
    "_timestamp": 1573992775.308113,
    "average_reward": -697.9236061313951,
    "_step": 2979,
    "actor_loss": 0.8290694355964661,
    "critic_loss": 107.9395980834961
}
