{
    "_step": 146502,
    "average_reward": -853.1083979868415,
    "_timestamp": 1574486058.6581786,
    "_runtime": 148402.98885059357,
    "clip_loss": 0.327696293592453,
    "entropy_loss": 0.0009656582027673721,
    "critic_loss": 83.42508697509766,
    "actor_loss": 0.3286619484424591
}
