{
    "_step": 6,
    "_timestamp": 1574078591.6517088,
    "average_reward": -1843.4692066036755,
    "_runtime": 6.754099369049072,
    "entropy_loss": 16.065622558593752,
    "clip_loss": 186.09913635253906,
    "critic_loss": 3869.061767578125,
    "actor_loss": 202.16476440429688
}
