{
    "_timestamp": 1573988987.9544113,
    "average_reward": -1409.517115504843,
    "_step": 67,
    "_runtime": 311.2027049064636,
    "actor_loss": 9.482037544250488,
    "critic_loss": 397.6370849609375
}
