{
    "reward": -104.57184261863803,
    "_runtime": 16.9723379611969,
    "_timestamp": 1573912603.1007333,
    "_step": 44,
    "actor_loss": 1.7962030172348022,
    "critic_loss": 24.884206771850586
}
