{
    "_timestamp": 1573896555.3138127,
    "_step": 2,
    "critic_loss": 2.0691542625427246,
    "actor_loss": 0.8333714604377747,
    "_runtime": 4.940265417098999
}
