{
    "_runtime": 9.62441873550415,
    "_timestamp": 1573977347.5727813,
    "critic_loss": 4211.625,
    "actor_loss": 176.7723846435547,
    "_step": 38
}
