{
    "_runtime": 13744.729158639908,
    "_step": 125584,
    "critic_loss": 450.4217224121094,
    "_timestamp": 1573910694.0378892,
    "actor_loss": -0.0042372047901153564,
    "reward": -110.04111238214809
}
