{
    "_runtime": 5.715197563171387,
    "_step": 9,
    "_timestamp": 1573894208.153762,
    "reward": -113.0249771980221,
    "critic_loss": 146.45703125,
    "actor_loss": 5.950887203216553
}
