{
    "average_reward": -2049.96585099054,
    "_timestamp": 1573990306.4546654,
    "_runtime": 40.79385209083557,
    "_step": 36,
    "actor_loss": 240.5120849609375,
    "critic_loss": 3180.2626953125
}
