{
    "_step": 199,
    "reward": -117.00531711202736,
    "_timestamp": 1573912753.1162164,
    "_runtime": 60.71857762336731,
    "critic_loss": 55.92323684692383,
    "actor_loss": 1.2589478492736816
}
