{
    "_runtime": 4.017864465713501,
    "reward": -112.03067709575407,
    "_timestamp": 1573910810.780625,
    "_step": 5
}
