{
    "_runtime": 7255.2654728889465,
    "_step": 13600,
    "average_reward": -78.4572773882769,
    "_timestamp": 1574160033.4153016,
    "clip_loss": 0.024085961282253265,
    "entropy_loss": -0.001142975240945816,
    "critic_loss": 0.9545528292655945,
    "actor_loss": 0.022942986339330673
}
