{
    "actor_loss": 1.905502200126648,
    "_runtime": 46.9659857749939,
    "_timestamp": 1573923182.4253018,
    "_step": 356,
    "critic_loss": 727.7898559570312
}
