{
    "_runtime": 307.9443771839142,
    "average_reward": -962.0726562565314,
    "_step": 685,
    "_timestamp": 1574081963.7437844,
    "clip_loss": 3.7985310554504395,
    "entropy_loss": 0.002898416519165039,
    "actor_loss": 3.801429510116577,
    "critic_loss": 1063.5699462890625
}
