{
    "_timestamp": 1573988552.4543428,
    "_step": 52,
    "average_reward": -80.0403607487975,
    "_runtime": 38.193254470825195,
    "critic_loss": 5489.78515625,
    "actor_loss": 79.44473266601562
}
