{
    "average_reward": -446.87283881141934,
    "_timestamp": 1573978982.8254275,
    "_step": 91,
    "_runtime": 25.50011372566223,
    "actor_loss": 394.0424499511719,
    "critic_loss": 4601.083984375
}
