{
    "_timestamp": 1573988145.2074015,
    "average_reward": -165.98284894122781,
    "_step": 159,
    "_runtime": 78.56686735153198,
    "actor_loss": 32.996341705322266,
    "critic_loss": 6016.69140625
}
