{
    "_runtime": 177590.79301953316,
    "_timestamp": 1574337632.393406,
    "_step": 205904,
    "average_reward": -46.63656339021545,
    "entropy_loss": 0.00032040242105722426,
    "clip_loss": -0.02589537389576435,
    "critic_loss": 0.8079631924629211,
    "actor_loss": -0.025574970990419388
}
