{
    "average_reward": -919.043809739807,
    "_runtime": 532.699236869812,
    "_timestamp": 1574152667.6376102,
    "_step": 930,
    "entropy_loss": 0.014964008331298828,
    "clip_loss": 7.905745029449463,
    "actor_loss": 7.920709133148193,
    "critic_loss": 16.248607635498047
}
