{
    "_timestamp": 1573977650.9484067,
    "actor_loss": NaN,
    "_runtime": 7.257480621337891,
    "_step": 8,
    "critic_loss": 3468.326416015625
}
