{
    "_timestamp": 1574507483.2749355,
    "_runtime": 11487.633033037186,
    "_step": 23820,
    "average_reward": -152.22696253952546,
    "entropy_loss": 0.0067500322265625,
    "clip_loss": 0.3363867700099945,
    "actor_loss": 0.3431367874145508,
    "critic_loss": 85.67430877685547
}
