{
    "_step": 6,
    "_runtime": 6.53770899772644,
    "_timestamp": 1574079095.3590875,
    "average_reward": -1839.0118574950015,
    "entropy_loss": 18.530068359375,
    "clip_loss": 23.565784454345703,
    "critic_loss": 4383.1044921875,
    "actor_loss": 42.09585189819336
}
