{
    "average_reward": -578.2012786745064,
    "_timestamp": 1574495666.7420285,
    "_runtime": 5.8958656787872314,
    "_step": 0
}
