{
    "_step": 2827,
    "_timestamp": 1574515530.725474,
    "_runtime": 2398.465669155121,
    "average_reward": -511.040587488386,
    "clip_loss": -0.1119590699672699,
    "entropy_loss": 0.01142580270767212,
    "actor_loss": -0.10053326934576035,
    "critic_loss": 1.4795992374420166
}
