{
    "_step": 34,
    "_timestamp": 1574513161.5163715,
    "_runtime": 29.256566524505615,
    "average_reward": -311.10641725758313,
    "clip_loss": 0.6826947927474976,
    "entropy_loss": -0.0008572012931108475,
    "actor_loss": 0.6818376183509827,
    "critic_loss": 38.76552200317383
}
