{
    "_step": 0,
    "reward": -92.40967883408193,
    "_runtime": 3.495164632797241,
    "_timestamp": 1573910942.2737396
}
