{
    "_step": 182671,
    "_runtime": 80303.68058609962,
    "_timestamp": 1574078454.7416556,
    "average_reward": -969.5448470531849,
    "clip_loss": 0.20376627147197723,
    "entropy_loss": -4.762239322504691e-15,
    "critic_loss": 262.44439697265625,
    "actor_loss": 0.20376627147197723
}
