{
    "_runtime": 6.894344091415405,
    "_step": 0,
    "_timestamp": 1573990352.6072946,
    "average_reward": -90.76378753812472
}
