{
    "_timestamp": 1573911385.6559613,
    "reward": -117.11842532294366,
    "_step": 36,
    "_runtime": 9.724364995956421,
    "critic_loss": 1213.8773193359375,
    "actor_loss": 9.886390686035156
}
