{
    "_step": 74,
    "_timestamp": 1573893561.060986,
    "actor_loss": 3.0539774894714355,
    "critic_loss": 199.345458984375,
    "_runtime": 30.490488529205322,
    "reward": -103.86981876698447
}
