{
    "_step": 75,
    "_timestamp": 1573893512.4639854,
    "reward": -118.60271897335039,
    "_runtime": 18.010690927505493,
    "actor_loss": 9.17198657989502,
    "critic_loss": 1158.110107421875
}
