{
    "_runtime": 42.11462903022766,
    "_step": 155,
    "critic_loss": 4128.4677734375,
    "_timestamp": 1573912048.7209053,
    "actor_loss": 27.273731231689453,
    "reward": -118.7645770402886
}
