{
    "critic_loss": 571.0694580078125,
    "_timestamp": 1573910994.8972242,
    "_step": 13,
    "actor_loss": 156.4258575439453,
    "_runtime": 7.139906883239746,
    "reward": -121.00134526664019
}
