{
    "_timestamp": 1574079137.3187027,
    "average_reward": -98.57503169673309,
    "_runtime": 6.327655553817749,
    "_step": 6,
    "clip_loss": 1.316523790359497,
    "entropy_loss": 22.8258349609375,
    "actor_loss": 24.142358779907227,
    "critic_loss": 220.16976928710938
}
