{
    "_step": 6,
    "_timestamp": 1574078617.9722166,
    "_runtime": 6.355131149291992,
    "average_reward": -315.42735706099586,
    "clip_loss": 7.337281227111816,
    "entropy_loss": 20.7809716796875,
    "actor_loss": 28.11825180053711,
    "critic_loss": 774.2275390625
}
