{
    "_runtime": 66.95673513412476,
    "average_reward": -101.37534402960881,
    "_timestamp": 1573988222.144765,
    "_step": 128,
    "critic_loss": 5204.884765625,
    "actor_loss": 26.980295181274414
}
