{
    "actor_loss": 2.5503182411193848,
    "critic_loss": 912.0498657226562,
    "_runtime": 225.13611841201782,
    "_step": 479,
    "_timestamp": 1573921644.9006512
}
