{
    "_timestamp": 1573920546.5680113,
    "_runtime": 41.39856791496277,
    "critic_loss": 86.3327865600586,
    "_step": 83,
    "actor_loss": NaN
}
