{
    "average_reward": -276.8527880027122,
    "_runtime": 24.511873960494995,
    "_timestamp": 1574495598.3030117,
    "_step": 56,
    "clip_loss": 6.801205635070801,
    "entropy_loss": -7.489466667175293e-08,
    "critic_loss": 1450.752197265625,
    "actor_loss": 6.801205635070801
}
