{
    "_timestamp": 1573920101.0388532,
    "_runtime": 22.825629234313965,
    "actor_loss": 8.657645225524902,
    "critic_loss": 1410.195068359375,
    "_step": 41
}
