{
    "_runtime": 19.577093362808228,
    "_step": 42,
    "_timestamp": 1574495886.437047,
    "average_reward": -186.69546843662397,
    "entropy_loss": -8.512336015701293e-08,
    "clip_loss": 4.668367385864258,
    "critic_loss": 841.0613403320312,
    "actor_loss": 4.668367385864258
}
