{
    "_step": 12158,
    "average_reward": -701.7519101097529,
    "_runtime": 7512.293821811676,
    "_timestamp": 1574507012.9244983,
    "entropy_loss": -3.5814166012106294e-24,
    "clip_loss": 1.8028088808059692,
    "actor_loss": 1.8028088808059692,
    "critic_loss": 128.9722137451172
}
