{
    "_timestamp": 1573989516.234264,
    "_step": 0,
    "average_reward": -27.328816704869684,
    "_runtime": 7.023239850997925
}
