{
    "average_reward": -1627.3076041600284,
    "_step": 0,
    "_timestamp": 1573990194.1475732,
    "_runtime": 7.238827466964722
}
