{
    "_timestamp": 1574079249.1581182,
    "_step": 6,
    "_runtime": 6.2637035846710205,
    "average_reward": -208.22677432145187,
    "clip_loss": 4.750018119812012,
    "entropy_loss": 24.220771484375,
    "critic_loss": 686.8021240234375,
    "actor_loss": 28.97079086303711
}
