{
    "_runtime": 110.37176632881165,
    "average_reward": -72.57476922074765,
    "_timestamp": 1573977980.6237993,
    "_step": 456,
    "actor_loss": 0.6038770079612732,
    "critic_loss": 546.5283203125
}
