{
    "average_reward": -67.90087541699998,
    "_runtime": 58616.70089626312,
    "_timestamp": 1574140700.5415952,
    "_step": 142659,
    "entropy_loss": -0.0007839040458202363,
    "clip_loss": 0.17694322764873505,
    "critic_loss": 50.540950775146484,
    "actor_loss": 0.1761593222618103
}
