{
    "_timestamp": 1574142153.0679836,
    "average_reward": -231.9835697900643,
    "_runtime": 6.129510402679443,
    "_step": 0
}
