{
    "_step": 53,
    "_timestamp": 1573920023.4498713,
    "_runtime": 25.584261655807495,
    "critic_loss": 34.10566711425781,
    "actor_loss": 2.6821892261505127
}
