{
    "_runtime": 10.583163022994995,
    "_step": 12,
    "_timestamp": 1573988381.79094,
    "average_reward": -9.743863551725331,
    "critic_loss": 4667.80419921875,
    "actor_loss": 506.4240417480469
}
