{
    "average_reward": -779.2768126821868,
    "_step": 11731,
    "_timestamp": 1573998029.173496,
    "_runtime": 5243.252900362015,
    "clip_loss": 0.3419482707977295,
    "entropy_loss": 0.18031347274780274,
    "critic_loss": 181.54212951660156,
    "actor_loss": 0.5222617387771606
}
