{
    "reward": -103.95214444498781,
    "_runtime": 1185.5138146877289,
    "_step": 8481,
    "_timestamp": 1573896180.3350775,
    "actor_loss": 0.23377841711044312,
    "critic_loss": 19.82614517211914
}
