{
    "_step": 7,
    "average_reward": -134.21606254212347,
    "_timestamp": 1573988659.22583,
    "_runtime": 39.80619192123413,
    "critic_loss": 2.285338878631592,
    "actor_loss": 1.6062192916870117
}
