{
    "_timestamp": 1574228785.2202578,
    "average_reward": -56.31290378218801,
    "_step": 37288,
    "_runtime": 51284.91933441162,
    "entropy_loss": 0.0009539994597434998,
    "clip_loss": -0.052861977368593216,
    "critic_loss": 0.64925217628479,
    "actor_loss": -0.051907978951931
}
