{
    "actor_loss": 20.70047950744629,
    "_timestamp": 1573911922.7254372,
    "_step": 52,
    "_runtime": 8.513584613800049,
    "critic_loss": 6153.2724609375,
    "reward": -122.54509936514933
}
