{
    "_timestamp": 1573912978.9015179,
    "_runtime": 38.19897389411926,
    "_step": 96,
    "reward": -133.71610603368828,
    "actor_loss": 2.278146982192993,
    "critic_loss": 87.93327331542969
}
