{
    "_runtime": 6.974879503250122,
    "_timestamp": 1573894627.0340118,
    "reward": -95.33800405824681,
    "_step": 31,
    "critic_loss": 2475.274169921875,
    "actor_loss": 13.017339706420898
}
