{
    "_timestamp": 1574082018.3977458,
    "_runtime": 46.96107196807861,
    "average_reward": -1141.6790010399125,
    "_step": 97,
    "entropy_loss": 0.8673976135253907,
    "clip_loss": 15.120410919189453,
    "actor_loss": 15.987808227539062,
    "critic_loss": 3857.589599609375
}
