{
    "_timestamp": 1574078963.1704693,
    "_step": 6,
    "average_reward": -1427.3801412878602,
    "_runtime": 6.564859390258789,
    "clip_loss": 57.55350112915039,
    "entropy_loss": 393.8193359375,
    "critic_loss": 5283.63037109375,
    "actor_loss": 451.3728332519531
}
