{
    "reward": -108.04844914420322,
    "_step": 65,
    "_timestamp": 1573894125.0316954,
    "_runtime": 19.301491022109985,
    "critic_loss": 826.6702880859375,
    "actor_loss": 7.036971092224121
}
