{
    "reward": -98.22609405894764,
    "_step": 26,
    "_runtime": 7.746329307556152,
    "_timestamp": 1573894947.332152,
    "actor_loss": 5.209885597229004,
    "critic_loss": 759.5039672851562
}
