{
    "_runtime": 4.442004203796387,
    "reward": -93.39770655622644,
    "_timestamp": 1573894655.0884693,
    "_step": 8
}
