{
    "_timestamp": 1573894243.0597315,
    "_step": 89,
    "reward": -118.47457710881469,
    "_runtime": 10.833869457244873,
    "actor_loss": 17.110246658325195,
    "critic_loss": 982.9066162109375
}
