{
    "_step": 5774,
    "average_reward": -51.683224715499954,
    "_timestamp": 1574081617.093151,
    "_runtime": 2356.137108564377,
    "clip_loss": -0.025296468287706375,
    "entropy_loss": 0.002154695987701416,
    "critic_loss": 1.237504482269287,
    "actor_loss": -0.0231417715549469
}
