{
    "_timestamp": 1573979578.054228,
    "_step": 0,
    "average_reward": -3113.1785299465478,
    "_runtime": 12.61381483078003
}
