{
    "_timestamp": 1574078495.8174336,
    "_runtime": 7.5998852252960205,
    "_step": 6,
    "average_reward": -1489.5695629010088,
    "clip_loss": 117.91556549072266,
    "entropy_loss": 15.87689208984375,
    "critic_loss": 5090.89208984375,
    "actor_loss": 133.79244995117188
}
