{
    "_step": 32,
    "reward": -112.9065823785284,
    "_runtime": 7.189939498901367,
    "_timestamp": 1573893972.9442792,
    "actor_loss": 7.903075695037842,
    "critic_loss": 1083.083984375
}
