{
    "actor_loss": NaN,
    "_runtime": 5.905578136444092,
    "_timestamp": 1573919952.5624537,
    "_step": 5,
    "critic_loss": 3385.790283203125
}
