{
    "_step": 6,
    "_runtime": 6.656256198883057,
    "average_reward": -2772.418656356116,
    "_timestamp": 1574079056.350941,
    "clip_loss": 771.4962768554688,
    "entropy_loss": 5.782903442382812,
    "critic_loss": 5515.61181640625,
    "actor_loss": 777.2791748046875
}
